"学号","年级","微信","短视频","学习软件","游戏"
"S01","大一",74,107,102,91
"S02","大一",46,174,92,7
"S03","大一",68,167,47,20
"S04","大一",63,107,74,64
"S05","大一",53,128,54,67
"S06","大一",20,167,93,6
"S07","大一",52,86,62,16
"S08","大一",47,111,74,5
"S09","大二",67,96,45,98
"S10","大二",56,117,53,54
"S11","大二",58,112,84,75
"S12","大二",52,147,52,74
"S13","大二",61,126,76,37
"S14","大二",61,73,85,70
"S15","大二",19,126,74,78
"S16","大二",89,75,72,3
"S17","大三",76,63,31,12
"S18","大三",69,133,72,51
"S19","大三",51,62,30,93
"S20","大三",77,116,112,11
"S21","大三",59,75,52,12
"S22","大三",62,156,84,38
"S23","大三",40,131,95,6
"S24","大三",91,91,80,45
